{
  "type": "service_account",
  "project_id": "jittagornp",
  "private_key_id": "afb5756ebbe61b5xxxxxxxxxxxxxxxxx",
  "private_key": "-----BEGIN PRIVATE KEY-----xxxxxxxxxxxxxxxxxxxxxxxxxxxxxxxxxxxxxxxxxxxxx\n-----END PRIVATE KEY-----\n",
  "client_email": "admin-160@jittagornp.iam.gserviceaccount.com",
  "client_id": "105090xxxxxxxxxxxxxxxxx",
  "auth_uri": "https://accounts.google.com/o/oauth2/auth",
  "token_uri": "https://oauth2.googleapis.com/token",
  "auth_provider_x509_cert_url": "https://www.googleapis.com/oauth2/v1/certs",
  "client_x509_cert_url": "https://www.googleapis.com/robot/v1/metadata/x509/admin-160%40jittagornp.iam.gserviceaccount.com"
}
